id,address,age,email_address,full_name
1,Louisiana,15,vredmond0@dion.ne.jp,Vick Redmond
2,California,43,ggladwish1@google.com.hk,Geneva Gladwish
3,California,26,kchilderhouse2@wired.com,Kylynn Childerhouse
4,Ohio,51,sstaden3@bigcartel.com,Saw Staden
5,New York,97,mbending4@dropbox.com,Mateo Bending
6,Oklahoma,15,jjentges5@webs.com,Joanne Jentges
7,Pennsylvania,46,gmulqueen6@xing.com,Gerrie Mulqueen
8,District of Columbia,80,ocristofvao7@domainmarket.com,Othilie Cristofvao
9,Georgia,17,jthow8@wikia.com,Jedd Thow
10,Florida,46,vreidie9@phoca.cz,Vlad Reidie
11,Louisiana,21,sjacobsohna@yellowpages.com,Selby Jacobsohn
12,Oregon,97,rwaltersb@cam.ac.uk,Reid Walters
13,Michigan,98,vgahanc@msu.edu,Vera Gahan
14,Michigan,10,dpettingilld@wikia.com,Dion Pettingill
15,Georgia,76,egladechee@tuttocitta.it,Edward Gladeche
16,Connecticut,13,tfooksf@eepurl.com,Trever Fooks
17,Louisiana,82,rmageeg@ox.ac.uk,Ransell Magee
18,Arkansas,94,bdih@edublogs.org,Barnie Di Filippo
19,Colorado,3,jgreatorexi@sciencedaily.com,Jaquenette Greatorex
20,Texas,35,mbourgesj@cpanel.net,Marchall Bourges
21,Texas,65,wstiffk@cafepress.com,Warren Stiff
22,New York,47,bgyrgorcewicxl@yandex.ru,Brian Gyrgorcewicx
23,California,86,bfairtloughm@forbes.com,Bert Fairtlough
24,Virginia,22,eelsdonn@barnesandnoble.com,Ellyn Elsdon
25,Texas,10,jbreslaneo@google.com,Janenna Breslane
26,Pennsylvania,36,hcornwellp@ebay.com,Henderson Cornwell
27,Tennessee,97,dpattinsonq@wordpress.org,Dietrich Pattinson
28,Virginia,66,ptoffolor@google.de,Paola Toffolo
29,Ohio,27,ndelaguas@facebook.com,Nolan Delagua
30,Alaska,52,gstickellst@nyu.edu,Gordie Stickells
31,Georgia,71,mbrunau@springer.com,Michal Bruna
32,District of Columbia,2,pduv@friendfeed.com,Parry Du Pre
33,New York,58,wperrinw@feedburner.com,Walt Perrin
34,California,82,obestallx@ed.gov,Onida Bestall
35,California,49,hsty@globo.com,Heinrick St Clair
36,Tennessee,31,aesseryz@facebook.com,Ahmed Essery
37,California,3,hzorzi10@squidoo.com,Haleigh Zorzi
38,Florida,22,pparis11@youtube.com,Pattie Paris
39,Iowa,95,vduggary12@apache.org,Vivienne Duggary
40,Texas,76,fle13@huffingtonpost.com,Fifine Le Moucheux
41,Pennsylvania,39,ltaudevin14@tripod.com,Lorilyn Taudevin
42,California,18,bpietzke15@google.co.uk,Burgess Pietzke
43,California,57,cdi16@economist.com,Codi Di Ruggiero
44,Ohio,88,bbutfield17@fotki.com,Bronnie Butfield
45,Georgia,56,cdimitrov18@dmoz.org,Clovis Dimitrov
46,Indiana,95,nlawleff19@yellowpages.com,Nicola Lawleff
47,California,25,hkenafaque1a@thetimes.co.uk,Humberto Kenafaque
48,District of Columbia,59,djepperson1b@techcrunch.com,Demeter Jepperson
49,Louisiana,22,ctearle1c@europa.eu,Corey Tearle
50,California,20,hburge1d@github.com,Hyacinthe Burge
51,Kansas,6,stanfield1e@wufoo.com,Simonette Tanfield
52,Pennsylvania,2,gpaulich1f@squidoo.com,Guilbert Paulich
53,Kansas,84,cciobotaro1g@ox.ac.uk,Cate Ciobotaro
54,California,26,byesinin1h@kickstarter.com,Benetta Yesinin
55,Indiana,97,swhelan1i@feedburner.com,Sydelle Whelan
56,Colorado,36,nblanko1j@sfgate.com,Nollie Blanko
57,Louisiana,82,ngraftonherbert1k@w3.org,Niven Grafton-Herbert
58,Washington,65,mmaysor1l@moonfruit.com,Mufinella Maysor
59,Arizona,2,enoddles1m@vistaprint.com,Ellis Noddles
60,Arizona,13,mmela1n@dion.ne.jp,Miof mela Montilla
61,Arizona,88,wgabrieli1o@whitehouse.gov,Waneta Gabrieli
62,District of Columbia,99,jlaraway1p@e-recht24.de,Jennette Laraway
63,Ohio,74,yslowley1q@mtv.com,Yetta Slowley
64,Tennessee,58,locullen1r@newyorker.com,Letisha O'Cullen
65,Arkansas,12,rprewett1s@oracle.com,Rebecca Prewett
66,California,69,lstubbs1t@sfgate.com,Lori Stubbs
67,New York,71,crouch1u@sciencedirect.com,Cathie Rouch
68,Texas,30,mcherm1v@marriott.com,Margarethe Cherm
69,Tennessee,52,cfilde1w@gizmodo.com,Carlie Filde
70,California,88,arustadge1x@wiley.com,Ashbey Rustadge
71,New Mexico,58,dmatyugin1y@deviantart.com,Dedie Matyugin
72,Florida,50,jpyson1z@ovh.net,Jone Pyson
73,Colorado,47,jcookney20@diigo.com,Jodie Cookney
74,Kansas,31,mcalbrathe21@gravatar.com,Melina Calbrathe
75,Florida,95,kspellman22@hugedomains.com,Krystalle Spellman
76,Texas,4,kblenkharn23@lycos.com,Kerby Blenkharn
77,Wisconsin,91,rkane24@google.es,Renie Kane
78,New Jersey,37,nhick25@posterous.com,Nesta Hick
79,Washington,25,eamberson26@paginegialle.it,Everard Amberson
80,Virginia,50,mfeetham27@earthlink.net,Marrissa Feetham
81,California,51,dsnelson28@pinterest.com,Delaney Snelson
82,New York,82,cbindon29@va.gov,Clevie Bindon
83,Virginia,30,oclayill2a@mlb.com,Owen Clayill
84,Alabama,27,nsafell2b@domainmarket.com,Nichols Safell
85,Alabama,94,gheberden2c@wp.com,Guendolen Heberden
86,West Virginia,22,jmullord2d@deviantart.com,Jaymie Mullord
87,Illinois,44,marderne2e@msu.edu,Mei Arderne
88,Georgia,10,hmclennan2f@indiegogo.com,Hedwig McLennan
89,Idaho,21,eroizin2g@craigslist.org,Emory Roizin
90,Virginia,22,mcudihy2h@hugedomains.com,Missy Cudihy
91,Louisiana,29,egutowska2i@etsy.com,Emmy Gutowska
92,New York,63,mdenkel2j@apple.com,Mandie Denkel
93,District of Columbia,73,ldenholm2k@github.com,Laurel Denholm
94,New York,29,kjickles2l@last.fm,Kendell Jickles
95,Texas,4,mtroughton2m@noaa.gov,Maryjo Troughton
96,California,89,llanceley2n@europa.eu,Lynea Lanceley
97,Ohio,100,kcrusham2o@nationalgeographic.com,Karilynn Crusham
98,Florida,85,mbilborough2p@e-recht24.de,Marin Bilborough
99,Florida,98,wcathrall2q@livejournal.com,Winna Cathrall
100,Alabama,38,bhatje2r@patch.com,Britni Hatje
101,Idaho,22,jaspin2s@nymag.com,Johnathan Aspin
102,North Carolina,76,abrolly2t@t.co,Alonso Brolly
103,Florida,99,dvinten2u@indiegogo.com,Dahlia Vinten
104,Georgia,47,jbullant2v@photobucket.com,Jo-ann Bullant
105,Florida,59,npenhall2w@ycombinator.com,Nonie Penhall
106,Texas,11,amanklow2x@istockphoto.com,Alameda Manklow
107,Hawaii,19,qdutt2y@phoca.cz,Quentin Dutt
108,District of Columbia,45,lscipsey2z@rakuten.co.jp,Liza Scipsey
109,Pennsylvania,49,jbussens30@wix.com,Johnnie Bussens
110,Texas,22,rwoolveridge31@businesswire.com,Raimundo Woolveridge
111,Kentucky,92,kterzo32@blogger.com,Kelsey Terzo
112,Alabama,19,nmeeke33@scientificamerican.com,Nelson Meeke
113,Ohio,33,vdalgarnocht34@phoca.cz,Valentina Dalgarnocht
114,New York,74,acantle35@unblog.fr,Adena Cantle
115,Texas,55,lliversley36@seattletimes.com,Letisha Liversley
116,Texas,1,sattril37@fc2.com,Susie Attril
117,Pennsylvania,99,rcoping38@instagram.com,Ricki Coping
118,South Carolina,84,cwillder39@blogspot.com,Chane Willder
119,Ohio,87,rrisdale3a@ox.ac.uk,Royal Risdale
120,California,36,lcoulthard3b@bbb.org,Leonhard Coulthard
121,Tennessee,48,ccockson3c@alexa.com,Cara Cockson
122,Mississippi,19,korbell3d@goo.gl,Kyle Orbell
123,Pennsylvania,78,csach3e@freewebs.com,Cletus Sach
124,Oregon,72,jsatteford3f@slideshare.net,Jordanna Satteford
125,New York,72,ffurley3g@nyu.edu,Faber Furley
126,Connecticut,15,giczokvitz3h@g.co,Gisela Iczokvitz
127,Texas,23,akrishtopaittis3i@washington.edu,Annette Krishtopaittis
128,Massachusetts,54,lcreffeild3j@nymag.com,Lory Creffeild
129,Florida,84,khurring3k@wikimedia.org,Kassey Hurring
130,Colorado,44,bgallemore3l@netscape.com,Benny Gallemore
131,California,26,ksturdy3m@princeton.edu,Kerrin Sturdy
132,Texas,35,sarni3n@1und1.de,Sylas Arni
133,District of Columbia,65,rkestian3o@nba.com,Raoul Kestian
134,Connecticut,15,ryoodall3p@jugem.jp,Ryley Yoodall
135,Texas,15,sramos3q@icq.com,Shelia Ramos
136,Massachusetts,12,sdartnall3r@sohu.com,Scott Dartnall
137,Kansas,89,hmayling3s@reddit.com,Hewitt Mayling
138,Missouri,40,kgytesham3t@wired.com,Kala Gytesham
139,Louisiana,66,afinnan3u@linkedin.com,Alia Finnan
140,Nebraska,61,atottle3v@exblog.jp,Addie Tottle
141,Illinois,4,gjakubovicz3w@netlog.com,Gilberte Jakubovicz
142,Utah,36,pcudbird3x@apache.org,Phillipe Cudbird
143,Georgia,10,cde3y@typepad.com,Carmine De Witt
144,California,46,tpolini3z@aol.com,Taddeusz Polini
145,California,87,cmclinden40@qq.com,Carmine McLinden
146,California,17,rheinonen41@addtoany.com,Rachel Heinonen
147,New York,13,gdabernott42@pbs.org,Grata Dabernott
148,California,19,anovacek43@blogspot.com,Alisa Novacek
149,California,17,tnary44@jiathis.com,Theodor Nary
150,Ohio,65,iobert45@uol.com.br,Ingaborg Obert
151,Missouri,25,eforlonge46@paypal.com,Ellissa Forlonge
152,Florida,27,fbraksper47@mac.com,Fawn Braksper
153,Texas,40,lbrignall48@ehow.com,Leora Brignall
154,Texas,55,ppaniman49@telegraph.co.uk,Piotr Paniman
155,California,20,rberndt4a@clickbank.net,Roby Berndt
156,North Carolina,64,aresdale4b@timesonline.co.uk,Abigail Resdale
157,California,47,ieric4c@hexun.com,Ikey Eric
158,New Jersey,96,rcullimore4d@vinaora.com,Rakel Cullimore
159,Ohio,95,khillatt4e@google.nl,Kameko Hillatt
160,South Carolina,27,kjerromes4f@ftc.gov,Kerwinn Jerromes
161,Nevada,83,cacheson4g@nyu.edu,Colman Acheson
162,Michigan,22,jthormann4h@businessinsider.com,Jacky Thormann
163,California,12,aleupold4i@sciencedaily.com,Aldin Leupold
164,Nebraska,9,anewlands4j@walmart.com,Annabella Newlands
165,Ohio,34,rswett4k@canalblog.com,Robers Swett
166,California,56,egarratty4l@mashable.com,Elane Garratty
167,Georgia,2,apirdy4m@alexa.com,Arluene Pirdy
168,Pennsylvania,97,dlysons4n@yellowbook.com,Deane Lysons
169,New Mexico,44,fellice4o@histats.com,Fran Ellice
170,California,29,jdragon4p@globo.com,Jermayne Dragon
171,New York,2,gjackett4q@dmoz.org,Gualterio Jackett
172,Massachusetts,30,ncornick4r@usgs.gov,Niles Cornick
173,Maryland,84,gbrigge4s@time.com,Gray Brigge
174,New York,18,kdunstone4t@ifeng.com,Kristel Dunstone
175,New York,14,alucius4u@joomla.org,Arlina Lucius
176,Georgia,88,cfenning4v@telegraph.co.uk,Christean Fenning
177,Illinois,76,lkhristoforov4w@cornell.edu,Laureen Khristoforov
178,Ohio,89,atuddenham4x@telegraph.co.uk,Angelo Tuddenham
179,Florida,55,akemmis4y@google.ru,Alley Kemmis
180,Indiana,22,jdowning4z@nsw.gov.au,Joanna Downing
181,Colorado,12,cbriamo50@multiply.com,Coriss Briamo
182,Utah,88,dstrasse51@symantec.com,Darlene Strasse
183,Ohio,2,szimmermanns52@acquirethisname.com,Shandie Zimmermanns
184,California,35,bkenwood53@guardian.co.uk,Burton Kenwood
185,Texas,28,gdooman54@timesonline.co.uk,Gilligan Dooman
186,Virginia,33,msleightholm55@jigsy.com,Mercedes Sleightholm
187,District of Columbia,73,pczadla56@mlb.com,Prudi Czadla
188,Massachusetts,73,ttremmel57@ebay.com,Trenna Tremmel
189,Tennessee,44,nfuchs58@example.com,Ninette Fuchs
190,Massachusetts,80,nhankey59@tuttocitta.it,Nial Hankey
191,Virginia,20,snassie5a@scientificamerican.com,Stearne Nassie
192,New Mexico,81,sgrills5b@yale.edu,Stormie Grills
193,Virginia,27,ngiacomazzo5c@printfriendly.com,Neda Giacomazzo
194,Florida,51,akibbe5d@istockphoto.com,Andre Kibbe
195,Oklahoma,16,oeggleson5e@marriott.com,Odessa Eggleson
196,Texas,57,qmushett5f@so-net.ne.jp,Quill Mushett
197,Florida,35,bgoulder5g@usgs.gov,Burke Goulder
198,Nevada,98,emarcu5h@sciencedaily.com,Erna Marcu
199,Texas,59,smonaghan5i@drupal.org,Sergio Monaghan
200,Iowa,18,snajera5j@mysql.com,Suzi Najera
201,Illinois,100,nizon5k@msu.edu,Nanni Izon
202,Washington,54,tfranzonetti5l@stanford.edu,Tedie Franzonetti
203,Oregon,20,ohenrique5m@bandcamp.com,Omero Henrique
204,Kansas,11,iguichard5n@weather.com,Isak Guichard
205,Mississippi,67,wding5o@state.gov,Willard Ding
206,Texas,69,dwretham5p@spotify.com,Dalton Wretham
207,Kentucky,51,mglaister5q@ox.ac.uk,Maia Glaister
208,Colorado,85,chaberfield5r@thetimes.co.uk,Clarinda Haberfield
209,District of Columbia,65,sgrinaugh5s@gov.uk,Sylvan Grinaugh
210,Oregon,5,pmussotti5t@cocolog-nifty.com,Prentice Mussotti
211,Colorado,59,kdurgan5u@hugedomains.com,Korella Durgan
212,Texas,92,dgirk5v@intel.com,Dolorita Girk
213,Massachusetts,45,eabeles5w@nydailynews.com,Essy Abeles
214,Florida,45,loverland5x@noaa.gov,Lizabeth Overland
215,Texas,98,ioaten5y@mapquest.com,Irita Oaten
216,California,48,lfripp5z@omniture.com,Lonee Fripp
217,North Dakota,97,mbygreaves60@shop-pro.jp,Mendy Bygreaves
218,Kentucky,65,wfarra61@paginegialle.it,Wesley Farra
219,California,42,jmurrie62@auda.org.au,Jada Murrie
220,Texas,48,djeavons63@jiathis.com,Domenic Jeavons
221,Hawaii,4,jwilgar64@forbes.com,Jelene Wilgar
222,South Carolina,11,ballicock65@123-reg.co.uk,Bliss Allicock
223,California,69,rmcphelimey66@yolasite.com,Rosabella McPhelimey
224,Florida,62,vadiscot67@amazonaws.com,Valera Adiscot
225,New York,57,bpook68@digg.com,Bran Pook
226,Georgia,78,hemmanueli69@xing.com,Hamel Emmanueli
227,Iowa,69,jkauscher6a@skype.com,Justina Kauscher
228,Texas,74,ilambotin6b@kickstarter.com,Inez Lambotin
229,Georgia,84,tstalf6c@weather.com,Trudey Stalf
230,Texas,29,hsherer6d@usa.gov,Hyacinthie Sherer
231,Virginia,57,pyewdale6e@berkeley.edu,Penn Yewdale
232,Florida,56,gerricker6f@wiley.com,Giulietta Erricker
233,Pennsylvania,47,swhittet6g@latimes.com,Stanfield Whittet
234,California,82,htrembey6h@wikispaces.com,Hank Trembey
235,Ohio,11,feton6i@earthlink.net,Farlie Eton
236,District of Columbia,64,lseagrave6j@craigslist.org,Lotty Seagrave
237,Illinois,26,dlettington6k@imdb.com,Doll Lettington
238,Kansas,56,sdevin6l@va.gov,Shawna Devin
239,California,18,hvelez6m@go.com,Hagen Velez
240,Louisiana,90,dkelshaw6n@yahoo.com,Diannne Kelshaw
241,California,60,srodders6o@flavors.me,Sloan Rodders
242,New York,2,bmccorkindale6p@photobucket.com,Beatrix McCorkindale
243,Washington,10,mjoubert6q@mashable.com,Mallory Joubert
244,Florida,73,tglandon6r@uol.com.br,Teddy Glandon
245,Alabama,34,rzamboniari6s@tinyurl.com,Reinhold Zamboniari
246,Arkansas,82,amapledoore6t@free.fr,Anthe Mapledoore
247,Pennsylvania,29,lseymark6u@123-reg.co.uk,Lothaire Seymark
248,Alabama,92,awaistall6v@weebly.com,Alie Waistall
249,North Carolina,43,swallwork6w@theglobeandmail.com,Sylvester Wallwork
250,Georgia,84,hcheesworth6x@imageshack.us,Halette Cheesworth
251,Texas,45,pcowles6y@w3.org,Pete Cowles
252,South Carolina,54,tloiseau6z@ucoz.com,Traci L'oiseau
253,Minnesota,49,lbronger70@europa.eu,Luciana Bronger
254,Illinois,15,pshewon71@wikimedia.org,Park Shewon
255,Utah,36,shewell72@scribd.com,Sherry Hewell
256,Illinois,16,zlambshine73@google.co.uk,Zebulon Lamb-shine
257,Texas,30,nbengefield74@unc.edu,Neal Bengefield
258,California,39,mmcallister75@columbia.edu,Minnie McAllister
259,Texas,5,akilcullen76@dagondesign.com,Arnold Kilcullen
260,Michigan,95,dclemo77@amazon.de,Dorrie Clemo
261,Pennsylvania,23,mcushion78@163.com,Matilde Cushion
262,Oregon,56,lkarpe79@wordpress.com,Latia Karpe
263,Indiana,97,sscrase7a@oaic.gov.au,Somerset Scrase
264,California,15,cgilbank7b@wp.com,Cynthy Gilbank
265,Pennsylvania,5,efreckleton7c@mozilla.org,Edita Freckleton
266,West Virginia,2,wivanenkov7d@trellian.com,Wang Ivanenkov
267,Florida,63,jpanks7e@webs.com,Jefferson Panks
268,New Jersey,15,hduffin7f@ustream.tv,Heloise Duffin
269,Minnesota,82,chigbin7g@gnu.org,Candide Higbin
270,District of Columbia,22,gheinke7h@facebook.com,Guenna Heinke
271,Nevada,28,kcheel7i@virginia.edu,Kaine Cheel
272,New York,70,arogerot7j@reddit.com,Aridatha Rogerot
273,Virginia,91,nsummerbell7k@adobe.com,Niles Summerbell
274,Florida,96,hwasmuth7l@howstuffworks.com,Helaina Wasmuth
275,Georgia,73,dguion7m@free.fr,De Guion
276,Connecticut,22,kambrois7n@dailymotion.com,Kearney Ambrois
277,Missouri,14,dsmart7o@aboutads.info,Doti Smart
278,California,96,uwoodruffe7p@nba.com,Uriel Woodruffe
279,North Carolina,50,abennellick7q@howstuffworks.com,Andi Bennellick
280,Colorado,73,alabroue7r@addtoany.com,Aymer Labroue
281,Pennsylvania,95,gforsdicke7s@themeforest.net,Ginny Forsdicke
282,Texas,41,imcglynn7t@ucoz.com,Ichabod McGlynn
283,West Virginia,100,tmcilmurray7u@cnn.com,Tracee McIlmurray
284,Kansas,66,mcapron7v@sun.com,Mable Capron
285,Kansas,82,jfoukx7w@fema.gov,Joachim Foukx
286,Pennsylvania,72,rhawkwood7x@forbes.com,Rebeka Hawkwood
287,Kansas,76,cwinterbourne7y@360.cn,Clayborn Winterbourne
288,West Virginia,63,wlunck7z@cyberchimps.com,Westleigh Lunck
289,California,87,ssalvage80@businessinsider.com,Stefa Salvage
290,Washington,17,larmfield81@moonfruit.com,Lorraine Armfield
291,Florida,1,cosiaghail82@ocn.ne.jp,Claire O'Siaghail
292,Kentucky,29,rblade83@google.es,Randolph Blade
293,Minnesota,43,rhurll84@flavors.me,Rebecca Hurll
294,Florida,96,arawlin85@mac.com,Ailis Rawlin
295,Texas,36,cbrody86@artisteer.com,Carolynn Brody
296,North Carolina,97,egyves87@indiatimes.com,Evania Gyves
297,West Virginia,59,eliffe88@who.int,Emilio Liffe
298,District of Columbia,47,dlawrence89@example.com,Dominik Lawrence
299,Texas,82,bteresse8a@mac.com,Benny Teresse
300,Michigan,95,hchatelot8b@mac.com,Howey Chatelot
301,Texas,11,ccockaday8c@xinhuanet.com,Cullan Cockaday
302,Illinois,15,tpurdy8d@cam.ac.uk,Taylor Purdy
303,Oregon,1,ttrythall8e@technorati.com,Templeton Trythall
304,New York,65,pbyard8f@wordpress.org,Pernell Byard
305,Texas,6,lcoveney8g@theglobeandmail.com,Lorry Coveney
306,Indiana,67,cmckew8h@businesswire.com,Cherise McKew
307,Florida,14,nbisson8i@google.com,Nedda Bisson
308,Texas,52,pcrumby8j@mashable.com,Patrizius Crumby
309,Georgia,97,cshipperbottom8k@lulu.com,Clovis Shipperbottom
310,Virginia,9,jtutchings8l@hhs.gov,Joseito Tutchings
311,Pennsylvania,83,oprangle8m@msu.edu,Octavia Prangle
312,Florida,34,amacgiolla8n@dedecms.com,Ardene MacGiolla Pheadair
313,Tennessee,51,nrives8o@ustream.tv,Niel Rives
314,Florida,90,apadrick8p@nature.com,Ade Padrick
315,New York,16,sjerzak8q@chron.com,Sarge Jerzak
316,Texas,4,tstark8r@shinystat.com,Tremain Stark
317,Alabama,10,pwigin8s@jimdo.com,Pace Wigin
318,Georgia,21,rstillgoe8t@jugem.jp,Rena Stillgoe
319,Florida,70,tbesantie8u@skyrock.com,Tilly Besantie
320,California,10,lduffil8v@bluehost.com,Lynn Duffil
321,New Mexico,21,tninnoli8w@wordpress.org,Toddie Ninnoli
322,Minnesota,53,umosen8x@earthlink.net,Ulrich Mosen
323,Missouri,32,nsessions8y@archive.org,Neils Sessions
324,Michigan,42,ygoodie8z@latimes.com,Yovonnda Goodie
325,New Jersey,97,dsimons90@stumbleupon.com,Dory Simons
326,Idaho,73,hbirkin91@sun.com,Herschel Birkin
327,Tennessee,81,bbrawley92@barnesandnoble.com,Barrett Brawley
328,Massachusetts,8,bmungan93@ocn.ne.jp,Barbara-anne Mungan
329,Texas,4,dsturdgess94@chicagotribune.com,Debee Sturdgess
330,California,1,aspaight95@dailymotion.com,Antonia Spaight
331,Louisiana,44,gharteley96@hp.com,Gussie Harteley
332,California,92,fbollis97@mapy.cz,Franky Bollis
333,District of Columbia,91,rmackey98@msn.com,Ruthi MacKey
334,Florida,72,dbrumbye99@furl.net,Darlene Brumbye
335,Rhode Island,11,jtarborn9a@webs.com,Jaime Tarborn
336,Alabama,92,kallingham9b@scribd.com,Kinny Allingham
337,Kansas,12,lbritten9c@earthlink.net,Lorinda Britten
338,California,89,bshillito9d@photobucket.com,Bobbette Shillito
339,Florida,96,gparkisson9e@altervista.org,Garry Parkisson
340,Iowa,94,jhefferan9f@lulu.com,Johnath Hefferan
341,Illinois,15,scrosdill9g@youku.com,Shayna Crosdill
342,California,6,lmcaree9h@buzzfeed.com,Lauraine McAree
343,Illinois,30,dnoen9i@digg.com,Doralyn Noen
344,Virginia,69,lcabrera9j@irs.gov,Lucia Cabrera
345,Ohio,76,agheorghie9k@addtoany.com,Aubert Gheorghie
346,New Jersey,89,jlees9l@ca.gov,Janelle Lees
347,California,2,cbalfre9m@latimes.com,Corabelle Balfre
348,Kentucky,70,eparade9n@pinterest.com,Esme Parade
349,Texas,72,rsheals9o@slate.com,Rooney Sheals
350,Florida,40,fgohn9p@mtv.com,Fitz Gohn
351,Alaska,20,dlantiffe9q@webs.com,Dorise Lantiffe
352,Colorado,23,bkahler9r@diigo.com,Bourke Kahler
353,Texas,28,cormond9s@yahoo.com,Clemmie Ormond
354,Tennessee,22,bmaclennan9t@soup.io,Benedicta MacLennan
355,Georgia,80,gmoseley9u@admin.ch,Gardy Moseley
356,California,34,ngiacomelli9v@webnode.com,Nerty Giacomelli
357,Georgia,74,fleedes9w@behance.net,Florry Leedes
358,Florida,77,csyrett9x@hatena.ne.jp,Carmen Syrett
359,New York,21,ggallandre9y@mapy.cz,Gerianna Gallandre
360,South Dakota,76,tlandsborough9z@elpais.com,Tamiko Landsborough
361,Utah,89,dgoolya0@epa.gov,Darcy Gooly
362,Ohio,34,zminneya1@ftc.gov,Zaria Minney
363,Texas,62,dkernera2@sina.com.cn,Drew Kerner
364,New York,55,aoddea3@blogger.com,Arlie Odde
365,North Carolina,47,sbowlinga4@t.co,Sile Bowling
366,Texas,88,wbeesleya5@e-recht24.de,Willy Beesley
367,Utah,39,tvana6@flavors.me,Tremain Van der Beken
368,Idaho,78,bgarwooda7@blogspot.com,Brietta Garwood
369,New York,58,oglavisa8@latimes.com,Olwen Glavis
370,Utah,65,bgraberta9@tripod.com,Bob Grabert
371,Texas,14,jminihanaa@amazonaws.com,Janella Minihan
372,Connecticut,46,amaseyab@usnews.com,Ashil Masey
373,Washington,38,cciceroneac@meetup.com,Celinda Cicerone
374,Florida,90,twimmsad@sitemeter.com,Theresita Wimms
375,California,75,cbutchardae@google.ru,Clarine Butchard
376,Michigan,10,gchapieraf@pcworld.com,Ginevra Chapier
377,Texas,36,eengelag@google.com.au,Elijah Engel
378,Colorado,3,amartuginah@sohu.com,Alene Martugin
379,Minnesota,9,eprestlandai@chronoengine.com,Emlyn Prestland
380,Alaska,71,sadshedaj@squidoo.com,Sara Adshed
381,Washington,31,rmosedaleak@google.pl,Ritchie Mosedale
382,Florida,19,driquetal@europa.eu,Devin Riquet
383,Texas,41,ablumsonam@moonfruit.com,Abbi Blumson
384,Ohio,58,rboysan@smh.com.au,Rosetta Boys
385,Kansas,21,arelfao@redcross.org,Aggy Relf
386,Ohio,26,lnajaraap@zimbio.com,Leigh Najara
387,Oregon,46,aandrosikaq@nationalgeographic.com,Ashlee Androsik
388,Massachusetts,23,dmatiewear@cbc.ca,Danielle Matiewe
389,North Carolina,82,phemberyas@msn.com,Patience Hembery
390,West Virginia,71,santoniuttiat@nydailynews.com,Sergeant Antoniutti
391,Texas,9,roriginau@amazon.com,Randie Origin
392,New York,6,epavisav@wikipedia.org,Emilia Pavis
393,Missouri,37,aoshesnanaw@ebay.com,Allyn O'Shesnan
394,Virginia,86,jdambrogiax@flavors.me,Jeannette D'Ambrogi
395,Ohio,51,csauraay@google.co.jp,Carmita Saura
396,Massachusetts,81,lmclaughlanaz@wikia.com,Laura McLaughlan
397,Utah,94,rchatwoodb0@paginegialle.it,Raoul Chatwood
398,Ohio,4,nsheatherb1@nhs.uk,Neila Sheather
399,Kentucky,90,kwallesb2@nyu.edu,Kylie Walles
400,Texas,86,pcowlamb3@uol.com.br,Pedro Cowlam
401,Texas,53,pswaytonb4@addtoany.com,Penelopa Swayton
402,Ohio,35,dthravesb5@geocities.jp,Dayna Thraves
403,Florida,60,fhechlinb6@usda.gov,Fifine Hechlin
404,Arizona,45,lstradlingb7@trellian.com,Leena Stradling
405,Florida,33,twaringb8@digg.com,Teriann Waring
406,Virginia,23,dbenoeyb9@disqus.com,De Benoey
407,Arkansas,10,vpelzerba@telegraph.co.uk,Vergil Pelzer
408,Oregon,58,rcornfordbb@bbb.org,Robb Cornford
409,California,5,kcraisterbc@nih.gov,Katalin Craister
410,Pennsylvania,31,spearminebd@skype.com,Sasha Pearmine
411,District of Columbia,71,mbenoixbe@liveinternet.ru,Mace Benoix
412,New York,24,ccowtherdbf@npr.org,Cleo Cowtherd
413,Oregon,43,wcrocketbg@sciencedaily.com,Waylan Crocket
414,Rhode Island,50,amcquaidebh@netlog.com,Arney McQuaide
415,Florida,37,rmurrhardtbi@va.gov,Rudy Murrhardt
416,Washington,44,arabbittsbj@creativecommons.org,Alysa Rabbitts
417,Alabama,22,rbaruchbk@dion.ne.jp,Randie Baruch
418,Florida,76,cgillettbl@disqus.com,Cindee Gillett
419,Texas,44,jindgebm@indiegogo.com,Jessamine Indge
420,California,65,rcardinalbn@umn.edu,Reagan Cardinal
421,Georgia,98,dbrierleybo@amazonaws.com,Dane Brierley
422,Virginia,87,mdessaurbp@ning.com,My Dessaur
423,California,64,thaggerstonebq@unblog.fr,Taddeusz Haggerstone
424,Texas,15,trosbothambr@1und1.de,Tremayne Rosbotham
425,Virginia,85,cgowthropbs@naver.com,Clemmie Gowthrop
426,Ohio,16,vstonbridgebt@shinystat.com,Vanna Stonbridge
427,Alabama,38,rcolbertsonbu@ebay.com,Reeba Colbertson
428,District of Columbia,97,epickthallbv@icio.us,Erv Pickthall
429,Florida,83,bmostonbw@dell.com,Buckie Moston
430,Texas,68,swittybx@4shared.com,Sibelle Witty
431,Texas,91,bkauschkeby@aboutads.info,Beret Kauschke
432,Texas,95,cgrimsdithbz@ucla.edu,Carmelita Grimsdith
433,Texas,75,fbebbingtonc0@pen.io,Fabio Bebbington
434,Florida,66,astorrsc1@nbcnews.com,Alistair Storrs
435,Georgia,89,hdacrec2@ustream.tv,Hew Dacre
436,Wisconsin,66,rlec3@mail.ru,Roldan Le Cornu
437,South Carolina,24,equennellc4@bluehost.com,Elise Quennell
438,Ohio,58,cugonic5@skyrock.com,Chryste Ugoni
439,District of Columbia,53,rgislebertc6@independent.co.uk,Ruddie Gislebert
440,District of Columbia,4,hoatenc7@marketwatch.com,Harv Oaten
441,Montana,52,gwagnerc8@taobao.com,Gerick Wagner
442,California,20,sclemoc9@4shared.com,Sybyl Clemo
443,Georgia,4,ngoodieca@uol.com.br,Nonna Goodie
444,California,15,lthomascb@toplist.cz,Leonora Thomas
445,Virginia,28,takamcc@npr.org,Tasia Akam
446,California,59,fdrugancd@list-manage.com,Fair Drugan
447,Arizona,55,aroydence@shop-pro.jp,Arlena Royden
448,New Mexico,37,moakhillcf@desdev.cn,Malena Oakhill
449,Arizona,8,dlanktreecg@senate.gov,Danny Lanktree
450,Texas,39,nmclernonch@domainmarket.com,Neilla McLernon
451,Georgia,36,cfrimanci@state.tx.us,Charity Friman
452,Minnesota,30,bgiffkinscj@topsy.com,Bastian Giffkins
453,North Carolina,71,ckropachck@dailymotion.com,Christoph Kropach
454,Minnesota,51,drobelcl@accuweather.com,Deena Robel
455,New York,69,cwestlakecm@stanford.edu,Constantin Westlake
456,Missouri,82,hwantcn@tripod.com,Hieronymus Want
457,Florida,63,cgimletco@homestead.com,Constance Gimlet
458,Colorado,15,rfolshomcp@canalblog.com,Rickey Folshom
459,Arizona,44,bfatschercq@telegraph.co.uk,Bevvy Fatscher
460,Texas,44,dpudnercr@linkedin.com,Dierdre Pudner
461,District of Columbia,90,dvedyashkincs@cargocollective.com,Daisie Vedyashkin
462,District of Columbia,61,kmapstonect@dagondesign.com,Kikelia Mapstone
463,Colorado,94,ucrinsoncu@t.co,Umberto Crinson
464,New York,41,elissamancv@technorati.com,Emory Lissaman
465,Texas,28,aciciuracw@ebay.co.uk,Annissa Ciciura
466,New York,82,bbelchemcx@cbc.ca,Berget Belchem
467,Texas,45,bgledhallcy@i2i.jp,Brent Gledhall
468,Illinois,29,gmiltoncz@seattletimes.com,Giulietta Milton
469,New York,3,ghazelhurstd0@elpais.com,Godart Hazelhurst
470,Washington,33,bshenleyd1@opensource.org,Brittani Shenley
471,District of Columbia,52,zkarczinskid2@ucoz.com,Zonda Karczinski
472,South Carolina,32,hsmelleyd3@usa.gov,Helen Smelley
473,Texas,61,bhousdend4@reverbnation.com,Briano Housden
474,Louisiana,41,hlad5@about.com,Hans La Vigne
475,District of Columbia,100,mfostend6@stumbleupon.com,Mason Fosten
476,Utah,5,cauchinleckd7@fema.gov,Cornell Auchinleck
477,South Dakota,56,bpoynerd8@psu.edu,Brew Poyner
478,Texas,21,dcopsd9@alexa.com,Danila Cops
479,Delaware,14,rcornillotda@cbsnews.com,Rosy Cornillot
480,Florida,43,iocarrandb@ft.com,Israel O'Carran
481,Washington,61,brustdc@symantec.com,Berrie Rust
482,Idaho,21,stolsondd@sciencedaily.com,Shermie Tolson
483,New York,19,salexanderde@photobucket.com,Sondra Alexander
484,Ohio,84,kweatheydf@yellowbook.com,Kaitlin Weathey
485,Texas,10,rhaddrilldg@hatena.ne.jp,Roxanne Haddrill
486,New York,69,mheyburndh@cbslocal.com,Mariana Heyburn
487,Ohio,68,felwooddi@xrea.com,Fanya Elwood
488,Texas,9,dskippingsdj@cbslocal.com,Daron Skippings
489,Ohio,36,skildaydk@paginegialle.it,Stillmann Kilday
490,Louisiana,34,efortydl@mapy.cz,Earl Forty
491,Minnesota,82,fstollsteimerdm@marriott.com,Franz Stollsteimer
492,Florida,95,gpainedn@nifty.com,Gifford Paine
493,North Carolina,67,tetterdo@prnewswire.com,Timotheus Etter
494,Florida,98,vbusselldp@cornell.edu,Vera Bussell
495,Rhode Island,48,sarneydq@ask.com,Siouxie Arney
496,Florida,17,emedlendr@fema.gov,Eilis Medlen
497,Alabama,51,klineds@typepad.com,Konstanze Line
498,New Mexico,25,chamblingdt@kickstarter.com,Chad Hambling
499,Texas,77,mguyerdu@wix.com,Mac Guyer
500,Pennsylvania,64,lraydv@joomla.org,Lorry Ray
501,Texas,55,nworthydw@microsoft.com,Niccolo Worthy
502,Michigan,90,oministerdx@barnesandnoble.com,Olin Minister
503,Washington,53,caubreydy@sourceforge.net,Colette Aubrey
504,California,17,kcurraghdz@booking.com,Kayley Curragh
505,Missouri,77,sgrisbrooke0@ning.com,Simonette Grisbrook
506,Illinois,2,gmangame1@huffingtonpost.com,Georgina Mangam
507,Delaware,73,hbrunne2@redcross.org,Harvey Brunn
508,Texas,58,hmacguffoge3@printfriendly.com,Hashim MacGuffog
509,California,84,mduthiee4@posterous.com,Mallorie Duthie
510,Texas,36,ckeartone5@tinypic.com,Chery Kearton
511,Pennsylvania,15,egarlette6@who.int,Emlyn Garlett
512,District of Columbia,33,geltringhame7@abc.net.au,Giselbert Eltringham
513,Texas,14,wturlee8@google.com.au,Waldo Turle
514,Virginia,24,cflugere9@istockphoto.com,Charla Fluger
515,Alabama,30,pfrancoisea@fc2.com,Phelia Francois
516,Texas,44,ehannawayeb@issuu.com,Emmet Hannaway
517,Alaska,18,thuffec@github.io,Tonia Huff
518,Missouri,64,ahowised@purevolume.com,Aluino Howis
519,California,4,clundbechee@ehow.com,Cheston Lundbech
520,Connecticut,41,ccaddingef@japanpost.jp,Cecil Cadding
521,Maryland,86,jbeddoeseg@usnews.com,Jan Beddoes
522,Florida,49,hhoweyeh@ameblo.jp,Horatius Howey
523,Alabama,31,vmeoei@vinaora.com,Vikky Meo
524,Florida,82,aavrahamej@sphinn.com,Ardelis Avraham
525,Georgia,23,wwetherillek@amazonaws.com,Wilton Wetherill
526,California,85,hliddleel@ucla.edu,Hendrika Liddle
527,Texas,77,ljentetem@bizjournals.com,Lynde Jentet
528,Connecticut,72,khoodlessen@miitbeian.gov.cn,Kerry Hoodless
529,Michigan,70,dtraskeo@ehow.com,Duff Trask
530,Tennessee,14,lmickleboroughep@reuters.com,Lilllie Mickleborough
531,Colorado,85,hbustineq@topsy.com,Heall Bustin
532,Virginia,12,nstuchburieer@nps.gov,Neils Stuchburie
533,Georgia,37,owhaymandes@webeden.co.uk,Othilia Whaymand
534,Texas,23,vcutillet@wordpress.com,Vinni Cutill
535,Oregon,46,ejimenezeu@e-recht24.de,Emmye Jimenez
536,Colorado,80,ggillesonev@chicagotribune.com,Gisella Gilleson
537,Hawaii,92,amaggillandreisew@ask.com,Anatollo Maggill'Andreis
538,Oregon,46,lswainsex@bigcartel.com,Larine Swains
539,Tennessee,7,bfullerloveey@prweb.com,Bobine Fullerlove
540,California,88,zjimeez@yelp.com,Zerk Jime
541,Georgia,51,amethleyf0@squarespace.com,Arlene Methley
542,Arkansas,9,vmerittf1@imgur.com,Vernon Meritt
543,California,65,aadicotf2@alibaba.com,Antonella Adicot
544,New Jersey,9,ahambridgef3@vinaora.com,Arlyn Hambridge
545,Florida,63,gfayf4@blogspot.com,Goraud Fay
546,Wyoming,15,rsherwynf5@bbc.co.uk,Raynard Sherwyn
547,Hawaii,18,usannesf6@wikipedia.org,Ulrick Sannes
548,Florida,66,csteelsf7@github.com,Cordy Steels
549,California,36,pbeckwithf8@kickstarter.com,Patrick Beckwith
550,Michigan,70,marendsf9@alibaba.com,Martina Arends
551,Idaho,33,jconachyfa@github.com,Jamey Conachy
552,Washington,62,wmordeyfb@twitter.com,Wolfgang Mordey
553,Colorado,45,gchessonfc@ucsd.edu,Garrott Chesson
554,Pennsylvania,81,cpearmanfd@cornell.edu,Charlean Pearman
555,Virginia,65,lmaccarrollfe@newsvine.com,Lexy MacCarroll
556,New York,38,sfinkleff@wikispaces.com,Sigismund Finkle
557,Florida,74,vseabridgefg@phpbb.com,Victoir Seabridge
558,California,52,bmoarfh@youku.com,Bobette Moar
559,Georgia,66,mcoupmanfi@mlb.com,Margaretha Coupman
560,Colorado,40,mloiseaufj@nationalgeographic.com,Matthiew L'oiseau
561,Ohio,99,mclixbyfk@1und1.de,Madelene Clixby
562,Alabama,67,mcurteisfl@mapquest.com,Michal Curteis
563,Nevada,65,fbynertfm@ed.gov,Ferd Bynert
564,Missouri,6,tsemradfn@yandex.ru,Tobias Semrad
565,Texas,68,rnaptinfo@dion.ne.jp,Rusty Naptin
566,Texas,45,ghablotfp@seattletimes.com,Goran Hablot
567,Indiana,43,jjanjusevicfq@businessinsider.com,Josias Janjusevic
568,Oklahoma,12,vtrebblefr@unblog.fr,Vasili Trebble
569,Ohio,82,scaisleyfs@xing.com,Sherlocke Caisley
570,Ohio,100,mbennisonft@google.it,Misti Bennison
571,California,89,ksarsfieldfu@microsoft.com,Kristine Sarsfield
572,California,40,fcadamyfv@tuttocitta.it,Florenza Cadamy
573,District of Columbia,75,jdobsonfw@digg.com,Jennie Dobson
574,California,56,mskelcherfx@kickstarter.com,Mead Skelcher
575,Florida,39,igoulbournfy@theatlantic.com,Ilysa Goulbourn
576,District of Columbia,100,gciccottiofz@istockphoto.com,Ginnifer Ciccottio
577,Texas,26,tarmittg0@house.gov,Tonia Armitt
578,Minnesota,42,ehaldaneg1@youku.com,Eachelle Haldane
579,Washington,23,bgeorgerg2@bbc.co.uk,Bruno Georger
580,District of Columbia,9,gcundyg3@nydailynews.com,Garrard Cundy
581,Kentucky,62,kbaneg4@alibaba.com,Kippie Bane
582,Florida,33,pizkovitchg5@adobe.com,Paulina Izkovitch
583,Florida,28,mhampsteadg6@msn.com,Mara Hampstead
584,New York,42,jlayburng7@techcrunch.com,Janka Layburn
585,Colorado,18,nstanylandg8@shinystat.com,Nilson Stanyland
586,Massachusetts,61,slariveg9@discovery.com,Spenser Larive
587,New York,61,vdillimorega@miibeian.gov.cn,Velma Dillimore
588,New York,58,hhenrikssongb@foxnews.com,Hans Henriksson
589,Michigan,84,aklimentyevgc@ycombinator.com,Ali Klimentyev
590,Illinois,29,aluciengd@oaic.gov.au,Allix Lucien
591,Texas,6,msighartge@google.cn,Mirna Sighart
592,Washington,78,rdegf@fda.gov,Rodger De Gregoli
593,Montana,67,singlesentgg@barnesandnoble.com,Sonny Inglesent
594,Florida,61,mworldgh@psu.edu,Malvina World
595,New Jersey,59,cmcleviegi@feedburner.com,Cris McLevie
596,Arizona,46,hnewlyngj@cloudflare.com,Hymie Newlyn
597,Texas,36,brubicagk@mac.com,Berk Rubica
598,South Dakota,73,sbrisseaugl@cmu.edu,Shandeigh Brisseau
599,District of Columbia,31,hstgm@businessinsider.com,Hilly St. Hill
600,New York,57,jgotthardsfgn@edublogs.org,Janean Gotthard.sf
601,Ohio,75,mcorpgo@theatlantic.com,Micky Corp
602,Virginia,4,jmedmoregp@shareasale.com,Jeff Medmore
603,New Mexico,56,rdomneygq@washington.edu,Ripley Domney
604,Virginia,73,cgribbingr@amazon.co.jp,Cori Gribbin
605,Georgia,73,wcanninggs@psu.edu,Whitney Canning
606,Florida,77,vallibandgt@princeton.edu,Velma Alliband
607,Florida,18,rdowrygu@jugem.jp,Rachelle Dowry
608,Georgia,99,jcromleholmegv@elpais.com,Jori Cromleholme
609,Iowa,70,iegregw@google.co.uk,Iago Egre
610,Maryland,45,cbulfieldgx@hud.gov,Camey Bulfield
611,California,34,sbelfordgy@wunderground.com,Shawn Belford
612,Texas,25,vatthowegz@a8.net,Vonni Atthowe
613,Nebraska,87,dayerh0@addthis.com,Daveen Ayer
614,Oklahoma,33,mvinterh1@home.pl,Merl Vinter
615,California,47,mbusekh2@typepad.com,Marcellus Busek
616,New York,37,tgeneseh3@flickr.com,Tabby Genese
617,Pennsylvania,96,aipgraveh4@ca.gov,Alis Ipgrave
618,Virginia,76,lbuttnerh5@ezinearticles.com,Lilllie Buttner
619,Florida,26,ifroomh6@technorati.com,Iolanthe Froom
620,California,51,hgoganh7@reference.com,Hamlen Gogan
621,Georgia,95,rbartzenh8@cyberchimps.com,Roobbie Bartzen
622,Alabama,65,cwisdomh9@gizmodo.com,Carrissa Wisdom
623,Pennsylvania,100,gbartoliha@nymag.com,Genny Bartoli
624,Pennsylvania,74,ciacobonihb@t.co,Cal Iacoboni
625,Colorado,10,dfarrinhc@ft.com,Doreen Farrin
626,California,34,dsheldrakehd@drupal.org,Darcie Sheldrake
627,Michigan,32,rforstallhe@ebay.co.uk,Rosaline Forstall
628,Florida,9,rvanthf@desdev.cn,Robers Vant
629,California,65,ldonisihg@indiegogo.com,Linet Donisi
630,Georgia,45,odearnleyhh@scribd.com,Olwen Dearnley
631,District of Columbia,13,iosgardbyhi@blogger.com,Irving Osgardby
632,Missouri,41,ablaszczynskihj@wikimedia.org,Aubrey Blaszczynski
633,Michigan,78,bcaddiehk@illinois.edu,Barclay Caddie
634,Texas,16,ageneverhl@google.it,Aurelia Genever
635,Oklahoma,92,yfeldmushm@nps.gov,Yolanthe Feldmus
636,Pennsylvania,7,tloselhn@cbsnews.com,Tommie Losel
637,Hawaii,67,jbrigdenho@wix.com,Jase Brigden
638,District of Columbia,62,cspelmanhp@deliciousdays.com,Cordey Spelman
639,District of Columbia,61,jgrellishq@example.com,Jamima Grellis
640,Ohio,28,kickovitshr@dagondesign.com,Kerri Ickovits
641,Virginia,13,wmcgroartyhs@altervista.org,Whitney McGroarty
642,Pennsylvania,16,fschrinelht@scribd.com,Foss Schrinel
643,Texas,13,cguttridgehu@sphinn.com,Christi Guttridge
644,Florida,6,lbentzhv@apache.org,Leanna Bentz
645,Georgia,47,ihousbyhw@hostgator.com,Imogene Housby
646,California,78,smacgettigenhx@multiply.com,Salome MacGettigen
647,California,92,bcrightonhy@rediff.com,Baxie Crighton
648,Massachusetts,75,ttatamhz@digg.com,Tomasine Tatam
649,Pennsylvania,38,cainsburyi0@pinterest.com,Claretta Ainsbury
650,Wisconsin,59,paxupi1@google.ca,Pietro Axup
651,Idaho,29,jhatchmani2@tinyurl.com,Juieta Hatchman
652,Michigan,45,vcromptoni3@yellowpages.com,Viviana Crompton
653,Florida,59,sbalmai4@technorati.com,Saxe Balma
654,Georgia,31,msettlei5@google.de,Morgana Settle
655,Virginia,56,lmatheyi6@paypal.com,Lila Mathey
656,Texas,79,gblanketi7@zimbio.com,Gwyneth Blanket
657,California,35,arickwoodi8@mail.ru,Alessandra Rickwood
658,Oklahoma,11,cjoselandi9@feedburner.com,Cariotta Joseland
659,Georgia,47,cjakubovskyia@free.fr,Christoforo Jakubovsky
660,Florida,35,egrebnerib@diigo.com,Esme Grebner
661,Nebraska,34,wmoseic@yale.edu,Waldon Mose
662,Minnesota,36,hbellamyid@photobucket.com,Hersh Bellamy
663,Florida,10,qpolinoie@youtu.be,Quill Polino
664,Illinois,87,jkauschkeif@liveinternet.ru,Juliann Kauschke
665,Kentucky,97,josipovig@geocities.com,Joelle Osipov
666,Pennsylvania,23,eseaversih@hao123.com,Everard Seavers
667,Colorado,96,bborlesii@nyu.edu,Brad Borles
668,Nebraska,92,edrinanij@pbs.org,Ezra Drinan
669,Texas,22,gdowseyik@tiny.cc,Gillie Dowsey
670,Texas,100,dcutillil@tripadvisor.com,Dael Cutill
671,Arizona,100,njenneyim@meetup.com,Natale Jenney
672,Texas,35,araundin@state.gov,Amara Raund
673,Kentucky,18,smatesio@wp.com,Sybil Mates
674,Virginia,17,abodenip@prlog.org,Arlan Boden
675,Nebraska,31,adowseyiq@oracle.com,Arabel Dowsey
676,Missouri,62,gtwinnir@instagram.com,Gustave Twinn
677,Michigan,74,abartalucciis@cornell.edu,Amalita Bartalucci
678,Ohio,45,qfowlieit@domainmarket.com,Quillan Fowlie
679,District of Columbia,99,jditteriu@paypal.com,Jessamine Ditter
680,Connecticut,58,cbohlensiv@prweb.com,Cherianne Bohlens
681,Texas,19,emulmurayiw@hexun.com,Enrichetta Mulmuray
682,Maryland,89,kmacredmondix@skyrock.com,Kelly MacRedmond
683,Connecticut,58,cmacenteeiy@army.mil,Christine MacEntee
684,New York,78,lheathiz@nymag.com,Lela Heath
685,Nevada,33,lhalledej0@vimeo.com,Lanie Hallede
686,Ohio,32,vpointinj1@theguardian.com,Virginie Pointin
687,New York,39,bfrauloj2@mediafire.com,Bernardo Fraulo
688,Michigan,21,bstrutzj3@123-reg.co.uk,Becka Strutz
689,New York,23,jstickensj4@theguardian.com,Jazmin Stickens
690,California,68,mmatyushkinj5@topsy.com,Mohandas Matyushkin
691,Missouri,74,binkpenj6@toplist.cz,Billy Inkpen
692,Georgia,65,kkattej7@shop-pro.jp,Karlik Katte
693,Missouri,74,ggoldsworthyj8@ocn.ne.jp,Griselda Goldsworthy
694,Illinois,94,cvideanj9@csmonitor.com,Constantine Videan
695,Texas,88,tlopeja@booking.com,Thia Lope
696,Kentucky,92,ycoolicanjb@hp.com,Yard Coolican
697,Nevada,8,drockalljc@home.pl,Darrelle Rockall
698,Idaho,71,nraffanjd@unesco.org,Nealy Raffan
699,Virginia,54,mharwoodje@smugmug.com,Mario Harwood
700,Texas,22,dbuggjf@jugem.jp,Denny Bugg
701,Minnesota,64,nwestreyjg@dyndns.org,Nolana Westrey
702,Florida,17,mclaughtonjh@trellian.com,Manya Claughton
703,Missouri,55,itallonji@msn.com,Irwin Tallon
704,Oregon,81,clesserjj@google.com.au,Cathyleen Lesser
705,Minnesota,19,kdubarryjk@engadget.com,Kalindi Dubarry
706,Oklahoma,28,cimessonjl@google.es,Corey Imesson
707,Washington,86,bpendlejm@parallels.com,Berta Pendle
708,New York,11,zplyjn@etsy.com,Zorah Ply
709,New Jersey,65,lbeaginjo@t.co,Lurleen Beagin
710,Michigan,4,scraigjp@printfriendly.com,Sully Craig
711,Texas,52,sjohnstonejq@bandcamp.com,Seamus Johnstone
712,Virginia,83,ghebsonjr@feedburner.com,Geralda Hebson
713,Michigan,48,ekippaxjs@cbslocal.com,Edan Kippax
714,Florida,88,ckahnjt@hc360.com,Cully Kahn
715,District of Columbia,91,lfardonju@miibeian.gov.cn,Leoine Fardon
716,Kentucky,12,preedmanjv@fastcompany.com,Pauletta Reedman
717,Alabama,86,aeunsonjw@epa.gov,Ado Eunson
718,New York,70,wdunbabinjx@furl.net,Wayland Dunbabin
719,Texas,32,fpaverjy@t-online.de,Fanchette Paver
720,Pennsylvania,45,whanneyjz@ustream.tv,Ward Hanney
721,Washington,45,vdik0@noaa.gov,Vachel Di Pietro
722,District of Columbia,12,hhorrigank1@sphinn.com,Helaina Horrigan
723,Kansas,57,ddryburghk2@yellowpages.com,Dom Dryburgh
724,Florida,50,akeillohk3@bluehost.com,Arin Keilloh
725,Delaware,25,mbeddowk4@github.io,Megen Beddow
726,Minnesota,61,wyearronk5@engadget.com,Wilma Yearron
727,District of Columbia,26,mbainbridgek6@tumblr.com,Magda Bainbridge
728,New York,76,mhunnicuttk7@liveinternet.ru,Mohandas Hunnicutt
729,Louisiana,2,rmintok8@jimdo.com,Rory Minto
730,Texas,83,ethorpek9@netvibes.com,Earl Thorpe
731,North Carolina,69,cmcphillipska@amazon.de,Corby McPhillips
732,Georgia,31,staffiekb@marketwatch.com,Sayer Taffie
733,Oregon,5,dboomekc@spiegel.de,Deloris Boome
734,Montana,23,lbarrarkd@unc.edu,Lion Barrar
735,Missouri,29,chuggenske@nhs.uk,Cob Huggens
736,Nevada,61,bleebkf@live.com,Benny Leeb
737,Florida,57,gnapolikg@plala.or.jp,Guillemette Napoli
738,Texas,37,ufidoekh@mtv.com,Urbain Fidoe
739,District of Columbia,41,bstevensonki@baidu.com,Brinn Stevenson
740,Tennessee,40,schenekj@techcrunch.com,Shaylynn Chene
741,Minnesota,13,dchataignierkk@berkeley.edu,Darcee Chataignier
742,Missouri,23,acowperkl@engadget.com,Alexandre Cowper
743,District of Columbia,16,ilogeskm@sciencedirect.com,Imogen Loges
744,Texas,3,gjohnseykn@vk.com,Gustavus Johnsey
745,California,63,hsciussciettoko@cornell.edu,Haily Sciusscietto
746,Texas,1,mstrappkp@ox.ac.uk,Martin Strapp
747,Nebraska,22,dbinfieldkq@ehow.com,Drugi Binfield
748,California,74,dwarbeyskr@engadget.com,Dierdre Warbeys
749,Georgia,6,fgarbuttks@engadget.com,Farris Garbutt
750,California,73,mlorekkt@devhub.com,Melantha Lorek
751,Washington,90,sconnoldku@ebay.co.uk,Susanetta Connold
752,Georgia,88,jwatchornkv@sitemeter.com,Jessy Watchorn
753,Texas,13,mlamputtkw@1688.com,Moreen Lamputt
754,Louisiana,50,lbattiekx@trellian.com,Leroy Battie
755,Indiana,58,twhileyky@arizona.edu,Tiffanie Whiley
756,Texas,57,rsweatingkz@list-manage.com,Rhoda Sweating
757,Alabama,97,jpetersenl0@gmpg.org,Juliet Petersen
758,Utah,20,elampertl1@gravatar.com,Eustace Lampert
759,Pennsylvania,69,kvarnalsl2@angelfire.com,Katusha Varnals
760,California,8,strappl3@cargocollective.com,Sawyere Trapp
761,Kansas,13,aparissl4@twitter.com,Alvina Pariss
762,District of Columbia,95,emcartl5@hostgator.com,Evelin McArt
763,Texas,47,jmathivatl6@hexun.com,Jere Mathivat
764,Florida,95,schelnaml7@intel.com,Susann Chelnam
765,Georgia,44,kmacroriel8@indiatimes.com,Kimbra MacRorie
766,Kentucky,19,jrosenbuschl9@nba.com,Jacques Rosenbusch
767,North Dakota,69,tbuddockla@time.com,Tadeas Buddock
768,Connecticut,5,trichinlb@cocolog-nifty.com,Tiphany Richin
769,Ohio,76,jricheslc@csmonitor.com,Joelle Riches
770,Connecticut,9,ckliemchenld@liveinternet.ru,Cristiano Kliemchen
771,Arizona,4,mharrymanle@foxnews.com,Maura Harryman
772,Indiana,28,mstridelf@psu.edu,Murry Stride
773,Louisiana,77,ssouthernlg@go.com,Sherie Southern
774,Michigan,14,sjendruschlh@php.net,Sandy Jendrusch
775,Texas,56,bpeardeli@gnu.org,Barnett Pearde
776,Indiana,67,cimmlj@soundcloud.com,Conny Imm
777,Michigan,8,jmcdaidlk@sciencedirect.com,Jeanne McDaid
778,Kentucky,34,sbonll@usgs.gov,Sybilla Bon
779,Texas,23,mchampneylm@nsw.gov.au,Marcelle Champney
780,Utah,13,jjuppeln@nhs.uk,Jamil Juppe
781,California,48,ttonkinlo@samsung.com,Torrin Tonkin
782,Florida,84,goxenburylp@fda.gov,Giana Oxenbury
783,Texas,43,bgeavenylq@narod.ru,Blinny Geaveny
784,Nebraska,87,akubczaklr@google.co.jp,Antoni Kubczak
785,New York,60,morchartls@goo.gl,Merline Orchart
786,Texas,74,tnettleshiplt@nationalgeographic.com,Toiboid Nettleship
787,Colorado,78,wsmithinlu@blogs.com,Winfield Smithin
788,Illinois,67,ahefferlv@umich.edu,Arlen Heffer
789,Alabama,86,vmcmackinlw@unicef.org,Valeria McMackin
790,Georgia,2,kmainstonelx@artisteer.com,Kore Mainstone
791,Texas,21,shaysmanly@youku.com,Sabina Haysman
792,Louisiana,38,sjanssenslz@whitehouse.gov,Saxe Janssens
793,Massachusetts,62,lanthonsenm0@google.com.br,Lucio Anthonsen
794,Oklahoma,79,mpowriem1@ca.gov,Maria Powrie
795,Alabama,46,cjedrzejewskim2@pcworld.com,Celisse Jedrzejewski
796,New York,93,kguytonm3@sitemeter.com,Kaylee Guyton
797,Arkansas,83,arosenfelderm4@addthis.com,Andreana Rosenfelder
798,Missouri,100,lblaneym5@jiathis.com,Lennie Blaney
799,California,2,sminocchim6@wikipedia.org,Shoshanna Minocchi
800,Colorado,94,kdevonm7@skype.com,Karissa Devon
801,Indiana,39,mcattermoulm8@ocn.ne.jp,Merrie Cattermoul
802,Wyoming,23,fvasenkovm9@smugmug.com,Flss Vasenkov
803,Illinois,10,dpalfremanma@soup.io,Dannel Palfreman
804,California,8,ehawksbymb@tumblr.com,Evita Hawksby
805,California,80,kduddenmc@howstuffworks.com,Karita Dudden
806,West Virginia,88,sbambermd@com.com,Saudra Bamber
807,California,77,jsleitme@princeton.edu,Jereme Sleit
808,New York,86,ghuyhtonmf@1und1.de,Griffith Huyhton
809,Massachusetts,83,khazzardmg@europa.eu,Kincaid Hazzard
810,Massachusetts,52,lchristoforoumh@livejournal.com,Lina Christoforou
811,Virginia,77,idemi@mapquest.com,Isadora De Francesco
812,Washington,83,hmanharemj@cargocollective.com,Heinrik Manhare
813,California,76,dkemetmk@list-manage.com,Dannie Kemet
814,New York,69,mcumpstyml@vistaprint.com,Melissa Cumpsty
815,Oregon,4,bedgesonmm@hexun.com,Burty Edgeson
816,Washington,55,prawdallmn@nationalgeographic.com,Paulette Rawdall
817,California,20,kpiriemo@tmall.com,Kippy Pirie
818,Florida,11,mkernesmp@spotify.com,Mary Kernes
819,Michigan,95,jbraggintonmq@ox.ac.uk,Jacynth Bragginton
820,Oklahoma,34,jdunbabinmr@51.la,Judi Dunbabin
821,New York,70,jmaidensms@netlog.com,Jefferey Maidens
822,Nevada,23,mtiltmt@dagondesign.com,Morse Tilt
823,Virginia,34,snewarkmu@youku.com,Serene Newark
824,Texas,40,tbenthammv@umn.edu,Tomlin Bentham3
825,Georgia,31,fsnoxillmw@cam.ac.uk,Felicia Snoxill
826,Utah,46,mtibbsmx@alexa.com,Monroe Tibbs
827,District of Columbia,22,mechaliemy@github.io,Marianna Echalie
828,Colorado,92,bharfordmz@lulu.com,Bab Harford
829,Kentucky,22,pdarringtonn0@parallels.com,Philly Darrington
830,Illinois,31,mrustichn1@nps.gov,Marlon Rustich
831,Michigan,20,dredfearnn2@google.cn,Deloris Redfearn
832,Nevada,10,yyeudalln3@salon.com,Yorker Yeudall
833,Washington,27,vmackeegn4@mlb.com,Viv MacKeeg
834,Kentucky,76,cmuckleyn5@1und1.de,Coleen Muckley
835,Ohio,32,miannuzzin6@mtv.com,Morrie Iannuzzi
836,Pennsylvania,64,pbullockn7@behance.net,Peterus Bullock
837,Georgia,36,alupsonn8@prweb.com,Abigale Lupson
838,Texas,97,lhuygensn9@feedburner.com,Lexine Huygens
839,Massachusetts,63,mcussonsna@wikia.com,Martguerita Cussons
840,Arkansas,37,krapellinb@java.com,Kasey Rapelli
841,Arizona,61,lhubnernc@tinypic.com,Loralyn Hubner
842,Florida,79,dwisbeynd@hao123.com,Davina Wisbey
843,Texas,90,edowearsne@google.ru,Early Dowears
844,Florida,61,clinacrenf@nba.com,Cam Linacre
845,Missouri,72,iandersenng@dedecms.com,Ingaborg Andersen
846,Massachusetts,20,jhawfordnh@mac.com,Jeramie Hawford
847,West Virginia,93,ajendrichni@blogspot.com,Alair Jendrich
848,Michigan,98,holdeynj@myspace.com,Hillier oldey
849,California,69,roraffertynk@ucoz.ru,Riccardo O'Rafferty
850,California,38,dfitzsymonnl@altervista.org,Daron Fitzsymon
851,California,80,pgellynm@marketwatch.com,Patrice Gelly
852,Kentucky,61,ahulstromnn@sitemeter.com,Annmaria Hulstrom
853,Oregon,45,cbickmoreno@europa.eu,Carrissa Bickmore
854,Virginia,20,cbrimblecombenp@sina.com.cn,Correy Brimblecombe
855,Texas,95,dcrocettonq@fda.gov,Darice Crocetto
856,Illinois,35,abroynr@sakura.ne.jp,Aleta Broy
857,Ohio,44,sbewsyns@cbslocal.com,Schuyler Bewsy
858,Ohio,69,idaelnt@mayoclinic.com,Idette Dael
859,California,4,lwatkinnu@baidu.com,Lazar Watkin
860,Virginia,68,jcarassnv@prnewswire.com,Jolie Carass
861,Washington,12,gmuncernw@sourceforge.net,Gwen Muncer
862,South Carolina,81,mtewkesburynx@ezinearticles.com,Meredith Tewkesbury
863,Idaho,70,hsempleny@nasa.gov,Haywood Semple
864,Washington,45,bivimynz@sina.com.cn,Bowie Ivimy
865,Texas,18,mbalasinio0@bluehost.com,Marge Balasini
866,Texas,47,jodoghertyo1@harvard.edu,Joyce O'Dogherty
867,Texas,83,rantonio2@github.io,Randal Antoni
868,Texas,62,tcapleo3@theguardian.com,Torrence Caple
869,Kansas,38,nvasilyonoko4@google.ca,Nevsa Vasilyonok
870,Kentucky,70,anunnso5@networksolutions.com,Athene Nunns
871,Texas,22,moddao6@prweb.com,Morgan Odda
872,Arizona,68,jreveningo7@howstuffworks.com,Jereme Revening
873,Illinois,12,lmackroo8@bloglovin.com,Latrena Mackro
874,Arkansas,13,abiggerstaffo9@sphinn.com,Andie Biggerstaff
875,Oklahoma,78,mbehrendsenoa@about.me,Moselle Behrendsen
876,Nevada,41,jbeekenob@dailymotion.com,Jacobo Beeken
877,Florida,92,ajenneyoc@uol.com.br,Abel Jenney
878,Texas,69,lhemphallod@whitehouse.gov,Leisha Hemphall
879,New York,4,fhollingsbeeoe@webmd.com,Fabe Hollingsbee
880,Texas,64,choppnerof@deliciousdays.com,Cristen Hoppner
881,Florida,96,lfarnallog@elegantthemes.com,Lisa Farnall
882,Nebraska,89,bswayteoh@cafepress.com,Broderic Swayte
883,California,80,ewasmuthoi@canalblog.com,Edwin Wasmuth
884,Texas,25,warmatageoj@si.edu,Wendye Armatage
885,Texas,83,ageerlingok@mayoclinic.com,Aleda Geerling
886,Pennsylvania,82,lheasemanol@acquirethisname.com,Lyman Heaseman
887,Texas,50,dfeldfisherom@tamu.edu,Dallas Feldfisher
888,Kansas,93,msloanon@alibaba.com,Marleen Sloan
889,California,2,mkaplanoo@craigslist.org,Mellisent Kaplan
890,Wisconsin,77,dflecknellop@nyu.edu,Darda Flecknell
891,Texas,38,pferreiraoq@hao123.com,Petunia Ferreira
892,Texas,37,jcreakor@weather.com,Jefferey Creak
893,Ohio,49,bpollicoteos@linkedin.com,Brook Pollicote
894,Texas,72,awoollonsot@bigcartel.com,Aron Woollons
895,Maryland,41,mbettisonou@jiathis.com,Michale Bettison
896,Kentucky,91,aedserov@yolasite.com,Agathe Edser
897,Texas,94,rcashow@mlb.com,Raffarty Cash
898,Colorado,66,lpetrosianox@quantcast.com,Lock Petrosian
899,Michigan,54,vwynnoy@gizmodo.com,Vinny Wynn
900,Nebraska,97,kyandleoz@over-blog.com,Kellia Yandle
901,New Jersey,70,hcodronp0@dedecms.com,Horatia Codron
902,Florida,95,cshirtp1@de.vu,Cassie Shirt
903,Wisconsin,53,jelderidgep2@ucoz.com,Jaine Elderidge
904,Texas,81,cclissp3@nymag.com,Cedric Cliss
905,Colorado,68,dganterp4@seattletimes.com,Daffi Ganter
906,Texas,65,otabourinp5@topsy.com,Orson Tabourin
907,Virginia,81,ncursonp6@barnesandnoble.com,Ninetta Curson
908,Ohio,51,mmcp7@google.cn,Mordecai Mc Comb
909,Ohio,57,scorbridgep8@mozilla.com,Stanford Corbridge
910,California,74,mhamfleetp9@yandex.ru,Micky Hamfleet
911,Ohio,23,lphittiplacepa@list-manage.com,Lawton Phittiplace
912,Missouri,37,gjagsonpb@jimdo.com,Gae Jagson
913,Maryland,68,rdabournepc@so-net.ne.jp,Roana Dabourne
914,District of Columbia,44,cdukespd@auda.org.au,Charo Dukes
915,New Jersey,67,chammanpe@businesswire.com,Cordi Hamman
916,Florida,36,pvinecombepf@liveinternet.ru,Peta Vinecombe
917,Texas,59,gbonsallpg@t-online.de,Guillemette Bonsall
918,Michigan,27,rstetlyeph@ucsd.edu,Rozella Stetlye
919,Missouri,46,kpoznanpi@discovery.com,Karel Poznan
920,California,53,mbilofskypj@dell.com,Madel Bilofsky
921,New York,87,mdriussipk@sakura.ne.jp,Manda Driussi
922,Minnesota,42,djobbingpl@mayoclinic.com,Dulcea Jobbing
923,Nebraska,99,lpenderpm@sogou.com,Lola Pender
924,Missouri,8,dbaldockpn@squidoo.com,Denice Baldock
925,Kansas,97,dmanzellpo@statcounter.com,Dena Manzell
926,Indiana,86,mcatonpp@businessinsider.com,Mikkel Caton
927,Indiana,86,rcartwightpq@ftc.gov,Rosemary Cartwight
928,Tennessee,79,fpidgenpr@usa.gov,Fremont Pidgen
929,North Carolina,63,ctuminellips@google.nl,Cordell Tuminelli
930,Illinois,62,gologhlenpt@nifty.com,Gav O'Loghlen
931,New Jersey,77,ltissimanpu@ustream.tv,Leeanne Tissiman
932,Hawaii,40,fflemyngpv@census.gov,Faith Flemyng
933,Tennessee,55,vmicallefpw@wsj.com,Vyky Micallef
934,Texas,72,estockbridgepx@about.me,Elsworth Stockbridge
935,Illinois,47,ktremmelpy@canalblog.com,Kingsley Tremmel
936,Florida,36,ochatfieldpz@cafepress.com,Oswald Chatfield
937,Texas,60,tmeffinq0@unblog.fr,Thomasa Meffin
938,Texas,65,fbeddieq1@nydailynews.com,Filmore Beddie
939,Indiana,66,bgrenfellq2@walmart.com,Brendan Grenfell
940,Florida,45,tspeechlyq3@drupal.org,Tiena Speechly
941,Florida,52,amoodyq4@google.ru,Alessandra Moody
942,Michigan,33,smcmakinq5@dailymotion.com,Sonnnie McMakin
943,Texas,30,gbromeheadq6@usda.gov,Gaile Bromehead
944,Iowa,74,wwindebankq7@tmall.com,West Windebank
945,Tennessee,76,wwrankmoreq8@reuters.com,Walden Wrankmore
946,New York,55,celhamq9@webeden.co.uk,Coraline Elham
947,Michigan,53,gmaiklemqa@rediff.com,Griffie Maiklem
948,California,45,eaylwinqb@symantec.com,Emalia Aylwin
949,California,41,vantoniqc@msu.edu,Veda Antoni
950,Nevada,27,igooddyqd@timesonline.co.uk,Ike Gooddy
951,Texas,60,lberntssonqe@usda.gov,Lay Berntsson
952,California,47,avirgoeqf@soundcloud.com,Alden Virgoe
953,Ohio,95,pruzekqg@wikia.com,Pietrek Ruzek
954,Texas,4,tapflerqh@wp.com,Theresa Apfler
955,California,76,lcooqi@freewebs.com,Lothaire Coo
956,California,15,ejakubczykqj@goo.gl,Eachelle Jakubczyk
957,Arizona,64,cstranaghanqk@cloudflare.com,Caroline Stranaghan
958,Pennsylvania,56,mgodrichql@deviantart.com,Maighdiln Godrich
959,Ohio,92,ccasettaqm@google.co.uk,Cindie Casetta
960,Indiana,44,lhowleqn@seesaa.net,Lind Howle
961,Texas,53,mantonoczykqo@yellowpages.com,Maximilian Antonoczyk
962,California,23,bnewvillqp@zdnet.com,Bronny Newvill
963,Colorado,3,vwarlawqq@ibm.com,Vidovic Warlaw
964,Missouri,80,ggarlandqr@hao123.com,Goldie Garland
965,Connecticut,32,cchestonqs@dagondesign.com,Constantin Cheston
966,Illinois,42,adanbyeqt@washington.edu,Adriane Danbye
967,Florida,43,dpamplinqu@economist.com,Dorthea Pamplin
968,Arizona,10,epurselowqv@flickr.com,Engracia Purselow
969,Colorado,84,jmclevieqw@shinystat.com,Jacobo McLevie
970,Florida,32,trowlattqx@chron.com,Torie Rowlatt
971,Ohio,55,vsydesqy@hc360.com,Vasily Sydes
972,Idaho,69,efashionqz@sohu.com,Eva Fashion
973,Tennessee,22,iblacktinr0@omniture.com,Ingram Blacktin
974,Indiana,77,shenrietr1@rakuten.co.jp,Staford Henriet
975,Colorado,88,dbowsteadr2@vistaprint.com,Dory Bowstead
976,California,99,kciobotaror3@un.org,Kellsie Ciobotaro
977,New York,94,mtarryr4@blinklist.com,Marigold Tarry
978,Oregon,73,mobingtonr5@histats.com,Magdalena Obington
979,Texas,83,ebellworthyr6@instagram.com,Elsa Bellworthy
980,California,21,hmadler7@feedburner.com,Hughie Madle
981,Texas,16,mferr8@nasa.gov,Mignonne Fer
982,Oklahoma,10,gtweedyr9@webmd.com,Garrott Tweedy
983,Minnesota,33,spalmbyra@businessinsider.com,Selena Palmby
984,South Carolina,25,vcamberrb@ow.ly,Vonny Camber
985,Ohio,22,rrevensrc@cloudflare.com,Reidar Revens
986,California,40,aeilerrd@fda.gov,Adeline Eiler
987,Alabama,52,learnshawre@studiopress.com,Lizzie Earnshaw
988,District of Columbia,26,dmantruprf@techcrunch.com,Dionisio Mantrup
989,Georgia,64,bsprottrg@tumblr.com,Bud Sprott
990,Georgia,32,hkildahlrh@nydailynews.com,Haydon Kildahl
991,New York,68,galdieri@dell.com,Gerhard Aldie
992,Tennessee,91,dkonertrj@miibeian.gov.cn,Dominique Konert
993,Iowa,82,msenescallrk@columbia.edu,Maximilianus Senescall
994,Virginia,66,rcluittrl@slashdot.org,Rona Cluitt
995,Virginia,55,tchottyrm@drupal.org,Tuckie Chotty
996,Tennessee,99,bboamrn@pcworld.com,Bert Boam
997,District of Columbia,8,aberanro@nasa.gov,Addi Beran
998,Florida,34,obergerrp@statcounter.com,Olly Berger
999,California,14,hbuckamrq@linkedin.com,Horton Buckam
1000,Alabama,24,iweepersrr@squidoo.com,Isadore Weepers
